<?xml version="1.0" encoding="utf-8" ?>
<dwsync>
<file name="reception_model.php" server="192.168.170.16/sumc/" local="130603592432203793" remote="130603483200000000" Dst="0" />
<file name="strathmore_population.php" server="192.168.170.16/sumc/" local="130565572905049214" remote="130565464800000000" Dst="0" />
<file name="stf.php" server="192.168.170.16/sumc/" local="130555080997404004" remote="130558592400000000" Dst="0" />
<file name="reception_model.php" server="192.168.170.16/sumc/development/" local="130612895524360541" remote="130612911600000000" Dst="0" />
<file name="stf.php" server="192.168.170.16/sumc/development/" local="130555080997404004" remote="130612911600000000" Dst="0" />
<file name="strathmore_population.php" server="192.168.170.16/sumc/development/" local="130585428499431835" remote="130612911600000000" Dst="0" />
<file name="index.php" server="192.168.170.16/sumc/development/" local="130555080997374002" remote="130612911600000000" Dst="0" />
<file name="index.php" server="192.168.170.16/sumc/" local="130555080997374002" remote="130558592400000000" Dst="0" />
</dwsync>